Workbook

Sheet Overview
A1: Glibc Heap Bins – Quick Answers
A2: Live answers calculated from the other sheets. Tap a sheet tab for details.
A4: Question | B4: Answer | D4: Basis
A5: Which bin is most vulnerable? | B5: =INDEX(Security!A7:A12,MATCH(MAX(Security!F7:F12),Security!F7:F12,0)) -> Tcache | D5: Highest score on Security sheet
A6: Which bin is safest? | B6: =INDEX(Security!A7:A12,MATCH(MIN(Security!F7:F12),Security!F7:F12,0)) -> Small Bin | D6: Lowest score on Security sheet
A7: Which is fastest? | B7: =INDEX(Comparison!B4:G4,MATCH(MIN(Comparison!B23:G23),Comparison!B23:G23,0)) -> Tcache | D7: Speed rank 1 (no lock, O(1))
A8: Which is slowest? | B8: =INDEX(Comparison!B4:G4,MATCH(MAX(Comparison!B23:G23),Comparison!B23:G23,0)) -> Large Bin | D8: Highest speed rank (best-fit search)
A9: Which bins are fixed size? | B9: =IFERROR(LEFT(IF(Comparison!B14="Yes",Comparison!B4&", ","")&IF(Comparison!C14="Yes",Comparison!C4&", ","")&IF(Comparison!D14="Yes",Comparison!D4&", ","")&IF(Comparison!E14="Yes",Comparison!E4&", ","")&IF(Comparison!F14="Yes",Comparison!F4&", ","")&IF(Comparison!G14="Yes",Comparison!G4&", ",""),LEN(IF(Comparison!B14="Yes",Comparison!B4&", ","")&IF(Comparison!C14="Yes",Comparison!C4&", ","")&IF(Comparison!D14="Yes",Comparison!D4&", ","")&IF(Comparison!E14="Yes",Comparison!E4&", ","")&IF(Comparison!F14="Yes",Comparison!F4&", ","")&IF(Comparison!G14="Yes",Comparison!G4&", ",""))-2),"None") -> Tcache, Fastbin, Small Bin | D9: Comparison → Fixed size?
A10: Which bins are variable size? | B10: =IFERROR(LEFT(IF(Comparison!B14="No",Comparison!B4&", ","")&IF(Comparison!C14="No",Comparison!C4&", ","")&IF(Comparison!D14="No",Comparison!D4&", ","")&IF(Comparison!E14="No",Comparison!E4&", ","")&IF(Comparison!F14="No",Comparison!F4&", ","")&IF(Comparison!G14="No",Comparison!G4&", ",""),LEN(IF(Comparison!B14="No",Comparison!B4&", ","")&IF(Comparison!C14="No",Comparison!C4&", ","")&IF(Comparison!D14="No",Comparison!D4&", ","")&IF(Comparison!E14="No",Comparison!E4&", ","")&IF(Comparison!F14="No",Comparison!F4&", ","")&IF(Comparison!G14="No",Comparison!G4&", ",""))-2),"None") -> Unsorted Bin, Large Bin, Top Chunk | D10: Comparison → Fixed size?
A11: Who created them? | B11: Doug Lea (dlmalloc) → Wolfram Gloger (ptmalloc2) → glibc; Tcache by DJ Delorie | D11: Timeline & Fixes
A12: When were they invented? | B12: dlmalloc from 1987; ptmalloc2 in glibc 2.3 (2002); Tcache in glibc 2.26 (2017) | D12: Timeline & Fixes
A13: Which manages what application? | B13: Tcache/Fastbin: small & threaded; Small: medium; Large: big buffers; Top: heap growth | D13: Comparison → Applications
A15: Bin summary
A16: Bin | B16: Vulnerability score | C16: Safety level | D16: Speed | E16: Fixed size?
A17: =Security!A7 -> Tcache | B17: =Security!F7 -> 7.75 | C17: =Security!G7 -> Unsafe | D17: =Comparison!B24 -> Fastest | E17: =Comparison!B14 -> Yes
A18: =Security!A8 -> Fastbin | B18: =Security!F8 -> 7 | C18: =Security!G8 -> Unsafe | D18: =Comparison!C24 -> Very fast | E18: =Comparison!C14 -> Yes
A19: =Security!A9 -> Unsorted Bin | B19: =Security!F9 -> 6.5 | C19: =Security!G9 -> Medium | D19: =Comparison!D24 -> Slow | E19: =Comparison!D14 -> No
A20: =Security!A10 -> Small Bin | B20: =Security!F10 -> 3.25 | C20: =Security!G10 -> Safe | D20: =Comparison!E24 -> Fast | E20: =Comparison!E14 -> Yes
A21: =Security!A11 -> Large Bin | B21: =Security!F11 -> 5.25 | C21: =Security!G11 -> Medium | D21: =Comparison!F24 -> Slowest | E21: =Comparison!F14 -> No
A22: =Security!A12 -> Top Chunk | B22: =Security!F12 -> 4 | C22: =Security!G12 -> Medium | D22: =Comparison!G24 -> Medium | E22: =Comparison!G14 -> No
A24: Colour legend
A25: Safe | B25: Hard to exploit: strong integrity checks
A26: Medium | B26: Exploitable with effort or in specific glibc versions
A27: Unsafe | B27: Easy to exploit once a heap bug exists
A29: Responsive tips: columns are wrapped and header rows are frozen; the workbook prints fit-to-width. On a phone, rotate to landscape. Scope: glibc ptmalloc2, 64-bit Linux; security scores are analyst judgement, dates before 2002 approximate.

Sheet Comparison
A1: Glibc Heap Bins – Full Comparison (ptmalloc2, 64-bit)
A2: Tcache vs Fastbin vs Unsorted vs Small vs Large vs Top chunk. Scroll right/down – first column and header stay frozen.
A4: Feature | B4: Tcache | C4: Fastbin | D4: Unsorted Bin | E4: Small Bin | F4: Large Bin | G4: Top Chunk
A5: GENERAL
A6: Created by (author) | B6: DJ Delorie (Red Hat); idea from Google's TCMalloc thread cache | C6: Doug Lea (dlmalloc); carried into Wolfram Gloger's ptmalloc2 / glibc | D6: Doug Lea (dlmalloc 2.7.x era); carried into ptmalloc2 / glibc | E6: Doug Lea (dlmalloc) | F6: Doug Lea (dlmalloc) | G6: Doug Lea (dlmalloc – the 'wilderness' chunk)
A7: Invented (time) | B7: 2017 – glibc 2.26 (Aug 2017) | C7: ~Mid-1990s (dlmalloc 2.x); in glibc since 2.3 (2002) | D7: ~2000s (dlmalloc 2.7.x); in glibc since 2.3 (2002) | E7: Late 1980s–1990s (original dlmalloc, 1987+) | F7: Late 1980s–1990s (original dlmalloc, 1987+) | G7: Late 1980s–1990s (original dlmalloc, 1987+)
A8: Purpose | B8: Per-thread cache; malloc/free with no locking | C8: Quick reuse of tiny, short-lived chunks without merging | D8: Staging list: recently freed/split chunks get one chance of quick reuse | E8: Exact-fit storage for small–medium freed chunks | F8: Best-fit storage for big freed chunks | G8: Free space at end of heap; source of fresh memory
A9: Data structure | B9: Singly linked list | C9: Singly linked list | D9: Doubly linked circular list | E9: Doubly linked circular list | F9: Doubly linked list + fd_nextsize / bk_nextsize skip list | G9: Single chunk (not a list)
A10: Order | B10: LIFO | C10: LIFO | D10: FIFO-like (insert at head, scan from tail) | E10: FIFO | F10: Sorted by size (best fit) | G10: N/A
A11: Number of bins | B11: 64 (7 entries each by default) | C11: 10 max (7 used by default) | D11: 1 | E11: 62 | F11: 63 | G11: 1 chunk
A12: Stored where | B12: tcache_perthread_struct (on heap, per thread) | C12: malloc_state.fastbinsY (arena in libc) | D12: malloc_state.bins[1] | E12: malloc_state.bins[2..63] | F12: malloc_state.bins[64..126] | G12: malloc_state.top
A13: SIZE & OCCUPANCY
A14: Fixed size? | B14: Yes | C14: Yes | D14: No | E14: Yes | F14: No | G14: No
A15: Size class note | B15: One exact size per bin | C15: One exact size per bin | D15: Mixed sizes in one list | E15: One exact size per bin | F15: A range of sizes per bin | G15: Single variable-size block
A16: Chunk size range | B16: 0x20–0x410 (32–1040 B) | C16: 0x20–0x80 default (32–128 B); max 0xb0 via mallopt | D16: Any size | E16: 0x20–0x3F0 (32–1008 B) | F16: ≥ 0x400 (1 KiB+) up to mmap threshold (128 KiB default) | G16: Any size; grows via brk/sbrk (top pad 128 KiB)
A17: Size step between bins | B17: 16 B | C17: 16 B | D17: N/A | E17: 16 B | F17: 64 B → 512 B → 4 KiB → … (widens) | G17: N/A
A18: Max entries | B18: 7 per bin (tunable) | C18: Unlimited | D18: Unlimited | E18: Unlimited | F18: Unlimited | G18: 1
A19: Coalescing (merging) | B19: No | C19: No (only at malloc_consolidate) | D19: Yes | E19: Yes | F19: Yes | G19: Yes (merges with freed neighbour)
A20: Chunk looks 'in use'? (PREV_INUSE) | B20: Yes – bit stays set | C20: Yes – bit stays set | D20: No – bit cleared on free | E20: No – bit cleared on free | F20: No – bit cleared on free | G20: N/A
A21: Fragmentation | B21: Can increase (never merged) | C21: Higher (no merging) | D21: Low (merged) | E21: Low | F21: Medium (splits leave remainders) | G21: Lowest (contiguous)
A22: PERFORMANCE
A23: Speed rank (1 = fastest) | B23: 1 | C23: 2 | D23: 5 | E23: 3 | F23: 6 | G23: 4
A24: Speed label | B24: =CHOOSE(B23,"Fastest","Very fast","Fast","Medium","Slow","Slowest") -> Fastest | C24: =CHOOSE(C23,"Fastest","Very fast","Fast","Medium","Slow","Slowest") -> Very fast | D24: =CHOOSE(D23,"Fastest","Very fast","Fast","Medium","Slow","Slowest") -> Slow | E24: =CHOOSE(E23,"Fastest","Very fast","Fast","Medium","Slow","Slowest") -> Fast | F24: =CHOOSE(F23,"Fastest","Very fast","Fast","Medium","Slow","Slowest") -> Slowest | G24: =CHOOSE(G23,"Fastest","Very fast","Fast","Medium","Slow","Slowest") -> Medium
A25: Locking | B25: None (thread-local) | C25: Lock-free atomic ops | D25: Arena mutex | E25: Arena mutex | F25: Arena mutex | G25: Arena mutex
A26: malloc search order | B26: 1st | C26: 2nd | D26: 4th | E26: 3rd | F26: 5th | G26: 6th (last before system call)
A27: Time complexity | B27: O(1) | C27: O(1) | D27: O(n) list scan | E27: O(1) | F27: O(log n)–O(n) best-fit search | G27: O(1) split (+ syscall if heap grows)
A28: SECURITY
A29: Vulnerability score (1–10) | B29: =Security!F7 -> 7.75 | C29: =Security!F8 -> 7 | D29: =Security!F9 -> 6.5 | E29: =Security!F10 -> 3.25 | F29: =Security!F11 -> 5.25 | G29: =Security!F12 -> 4
A30: Safety level | B30: =Security!G7 -> Unsafe | C30: =Security!G8 -> Unsafe | D30: =Security!G9 -> Medium | E30: =Security!G10 -> Safe | F30: =Security!G11 -> Medium | G30: =Security!G12 -> Medium
A31: Vulnerability rank (1 = worst) | B31: =Security!H7 -> 1 | C31: =Security!H8 -> 2 | D31: =Security!H9 -> 3 | E31: =Security!H10 -> 6 | F31: =Security!H11 -> 4 | G31: =Security!H12 -> 5
A32: Integrity checks | B32: Few: double-free key (2.29+), safe-linking & alignment (2.32+) | C32: Size check, top-of-bin double-free check, safe-linking (2.32+) | D32: Sanity checks on fd/bk and size (2.29+) | E32: Strong: bck->fd must equal victim | F32: Partial nextsize checks (2.30+) | G32: Top size vs system_mem check (2.29+)
A33: Main attacks | B33: Tcache poisoning, tcache dup, House of Botcake | C33: Fastbin dup (A-B-A), House of Spirit | D33: Unsorted bin attack (old glibc), libc leak | E33: House of Lore (hard) | F33: Large bin attack, House of Storm | G33: House of Force (fixed 2.29), House of Orange
A34: Information leaked | B34: Heap address | C34: Heap address | D34: libc address (main_arena+96) | E34: libc address (if sole chunk) | F34: libc + heap address | G34: libc address (low risk)
A35: APPLICATIONS
A36: Best for (kind of application) | B36: Multi-threaded apps with many small, short-lived allocations | C36: Tiny, frequent objects: list/tree nodes, small structs | D36: Mixed-size workloads with quick free-then-malloc patterns | E36: Medium objects (≤ 1 KiB): structs, strings, small buffers | F36: Large buffers (≥ 1 KiB): file, network, image, DB pages | G36: Growing heaps and requests nothing else can satisfy
A37: Example software | B37: Web servers, browsers, JSON/XML parsers | C37: Network packet metadata, linked lists, game objects, tokens | D37: Compilers, desktop and server apps in general | E37: Database records, GUI widgets, text editors | F37: Video/image editors, database engines, compressors | G37: Long-running daemons and servers
A39: Notes: glibc ptmalloc2, 64-bit Linux. Dates before 2002 are approximate. Speed rank is a typical-case judgement (blue = editable input). Vulnerability rows link to the Security sheet. Colours: Green = Safe / fast, Yellow = Medium, Red = Unsafe / slow.

Sheet Security
A1: Security / Vulnerability Rating
A2: Score = average of 4 criteria (1 = hardest to attack, 10 = easiest to attack). Edit the blue scores or thresholds and everything updates.
A3: Unsafe (Red) if score ≥ | B3: 7 | C3: Below the Medium threshold = Safe (Green).
A4: Medium (Yellow) if score ≥ | B4: 4
A6: Bin | B6: Check Weakness | C6: Attack Ease | D6: Attack Variety | E6: Info-Leak Risk | F6: Vulnerability Score | G6: Safety Level | H6: Rank (1 = most vulnerable) | I6: Why this rating | J6: Known attacks / techniques
A7: Tcache | B7: 9 | C7: 9 | D7: 8 | E7: 5 | F7: =AVERAGE(B7:E7) -> 7.75 | G7: =IF(F7>=$B$3,"Unsafe",IF(F7>=$B$4,"Medium","Safe")) -> Unsafe | H7: =RANK(F7,$F$7:$F$12,0) -> 1 | I7: Added for speed with almost no integrity checks at first; no locks; pointer overwrite gives arbitrary allocation. Double-free key (2.29) and safe-linking (2.32) help but heap leak bypasses them. | J7: Tcache poisoning, tcache dup, tcache_perthread_struct overwrite, House of Botcake
A8: Fastbin | B8: 8 | C8: 8 | D8: 8 | E8: 4 | F8: =AVERAGE(B8:E8) -> 7 | G8: =IF(F8>=$B$3,"Unsafe",IF(F8>=$B$4,"Medium","Safe")) -> Unsafe | H8: =RANK(F8,$F$7:$F$12,0) -> 2 | I8: Singly linked, no coalescing, chunks stay 'in use'. Only a size check and top-of-bin double-free check; classic A-B-A double free bypasses it. | J8: Fastbin dup (A-B-A), fastbin dup into stack/hooks, House of Spirit
A9: Unsorted Bin | B9: 5 | C9: 6 | D9: 6 | E9: 9 | F9: =AVERAGE(B9:E9) -> 6.5 | G9: =IF(F9>=$B$3,"Unsafe",IF(F9>=$B$4,"Medium","Safe")) -> Medium | H9: =RANK(F9,$F$7:$F$12,0) -> 3 | I9: Better checks since 2.29, but still the easiest source of libc address leaks (fd/bk point into main_arena). | J9: Unsorted bin attack (older glibc), libc leak, House of Orange / Storm helpers
A10: Small Bin | B10: 3 | C10: 3 | D10: 3 | E10: 4 | F10: =AVERAGE(B10:E10) -> 3.25 | G10: =IF(F10>=$B$3,"Unsafe",IF(F10>=$B$4,"Medium","Safe")) -> Safe | H10: =RANK(F10,$F$7:$F$12,0) -> 6 | I10: Doubly linked with strong fd/bk consistency check (bck->fd must equal victim). Attacker must forge two linked fake chunks. | J10: House of Lore, smallbin corruption (hard)
A11: Large Bin | B11: 6 | C11: 4 | D11: 5 | E11: 6 | F11: =AVERAGE(B11:E11) -> 5.25 | G11: =IF(F11>=$B$3,"Unsafe",IF(F11>=$B$4,"Medium","Safe")) -> Medium | H11: =RANK(F11,$F$7:$F$12,0) -> 4 | I11: Extra nextsize pointers add attack surface. Checks added in 2.30 but some variants still work. | J11: Large bin attack (bk_nextsize write), House of Storm
A12: Top Chunk | B12: 5 | C12: 4 | D12: 4 | E12: 3 | F12: =AVERAGE(B12:E12) -> 4 | G12: =IF(F12>=$B$3,"Unsafe",IF(F12>=$B$4,"Medium","Safe")) -> Medium | H12: =RANK(F12,$F$7:$F$12,0) -> 5 | I12: Single chunk. Overwriting its size was easy until the 2.29 sanity check; still abused in some chains. | J12: House of Force (fixed 2.29), House of Orange, top size corruption
A14: Method & assumptions
A15: Scores are an analyst judgement (not an official CVE metric) based on glibc ptmalloc2 on 64-bit Linux and public heap-exploitation research.
A16: Check Weakness: how few integrity checks protect the bin. Attack Ease: how simple a working exploit is. Attack Variety: how many known techniques exist. Info-Leak Risk: how easily it exposes heap/libc addresses.
A17: Safe = Green, Medium = Yellow, Unsafe = Red. 'Unsafe' means easier to exploit if a memory-corruption bug exists; it does not mean the allocator is broken.

Sheet Size & Occupancy
A1: Size & Occupancy (64-bit glibc)
A2: Chunk sizes in bytes incl. 16 B header overhead rules. Counts are calculated by formula from min / max / step.
A4: Bin | B4: Min chunk (B) | C4: Max chunk (B) | D4: Step (B) | E4: Size classes (calc.) | F4: Max entries / class | G4: Max bytes cached (calc.) | H4: Occupancy behaviour | I4: Fixed size?
A5: Tcache | B5: 32 | C5: 1040 | D5: 16 | E5: =(C5-B5)/D5+1 -> 64 | F5: 7 | G5: =E5*(B5+C5)/2*F5 -> 240128 | H5: Holds at most 7 chunks per size; extra frees fall through to fastbin / unsorted. | I5: Yes
A6: Fastbin | B6: 32 | C6: 128 | D6: 16 | E6: =(C6-B6)/D6+1 -> 7 | F6: Unlimited | G6: Unbounded | H6: Unlimited chunks of one size; never merged, so memory stays reserved until consolidation. | I6: Yes
A7: Unsorted Bin | B7: N/A | C7: N/A | D7: N/A | E7: N/A | F7: Unlimited | G7: Unbounded | H7: One list with any size; every entry is scanned and sorted into small/large bins on the next malloc. | I7: No
A8: Small Bin | B8: 32 | C8: 1008 | D8: 16 | E8: =(C8-B8)/D8+1 -> 62 | F8: Unlimited | G8: Unbounded | H8: Unlimited chunks of one exact size per bin; merged with free neighbours. | I8: Yes
A9: Large Bin | B9: 1024 | C9: 131072 | D9: N/A | E9: 63 | F9: Unlimited | G9: Unbounded | H9: 63 bins, each covering a size range (64 B wide at first, up to 256 KiB+ wide at the end). 131072 = default mmap threshold. | I9: No
A10: Top Chunk | B10: N/A | C10: N/A | D10: N/A | E10: 1 | F10: 1 | G10: Heap-limited | H10: One chunk. Grows with brk/sbrk (+128 KiB pad) and is trimmed when above 128 KiB. | I10: No
A12: Summary
A13: Fixed-size bins | B13: =COUNTIF(I5:I10,"Yes") -> 3
A14: Variable-size bins | B14: =COUNTIF(I5:I10,"No") -> 3
A15: Tcache size classes | B15: =E5 -> 64
A17: Assumptions: sizes are chunk sizes (header included) on 64-bit glibc 2.26+ defaults; Fastbin max can be raised to 0xb0 with mallopt(M_MXFAST). Tcache max bytes = classes × average size × 7 entries (default tcache_count; tunable via GLIBC_TUNABLES).

Sheet Timeline & Fixes
A1: Timeline, Author & Fixes
A2: Who created each piece, when, and which attacks were fixed (glibc versions).
A4: Year | B4: Event | C4: Author / Organisation | D4: glibc version | E4: Bins affected | F4: Type | G4: Status
A5: 1987 (approx.) | B5: dlmalloc created: boundary tags, bins, small/large bins, top ('wilderness') chunk | C5: Doug Lea | D5: — | E5: Small, Large, Top | F5: Feature | G5: Foundation
A6: ~1990s | B6: Fastbins added to dlmalloc for speed (no coalescing) | C6: Doug Lea | D6: — | E6: Fastbin | F6: Feature | G6: Foundation
A7: ~1999–2001 | B7: ptmalloc / ptmalloc2: dlmalloc made multi-thread safe with per-thread arenas | C7: Wolfram Gloger | D7: — | E7: All (arenas) | F7: Feature | G7: Foundation
A8: 2001–2002 | B8: ptmalloc2 becomes glibc's malloc | C8: glibc team | D8: 2.3 | E8: All | F8: Feature | G8: Foundation
A9: 2017 (Aug) | B9: Tcache introduced – per-thread lock-free cache | C9: DJ Delorie (Red Hat) | D9: 2.26 | E9: Tcache | F9: Feature | G9: Foundation
A10: 2017+ | B10: Tcache poisoning / dup attacks appear (almost no checks) | C10: Security researchers | D10: 2.26+ | E10: Tcache | F10: Attack | G10: Partially fixed
A11: Old (pre-2.26) | B11: Fastbin double-free check (top-of-bin only) – bypass by A-B-A pattern | C11: glibc team | D11: <2.26 | E11: Fastbin | F11: Mitigation | G11: Partially fixed
A12: 2019 (Feb) | B12: Tcache double-free key check | C12: glibc team | D12: 2.29 | E12: Tcache | F12: Mitigation | G12: Fixed
A13: 2019 (Feb) | B13: Unsorted bin attack blocked (bck->fd check) | C13: glibc team | D13: 2.29 | E13: Unsorted Bin | F13: Mitigation | G13: Fixed
A14: 2019 (Feb) | B14: House of Force blocked (top size sanity check) | C14: glibc team | D14: 2.29 | E14: Top Chunk | F14: Mitigation | G14: Fixed
A15: 2019 (Aug) | B15: Extra checks on large bin nextsize pointers; some variants remain | C15: glibc team | D15: 2.30 | E15: Large Bin | F15: Mitigation | G15: Partially fixed
... A18: Ongoing | B18: Large bin attack and heap-leak + safe-linking bypass still used in CTFs and exploits | C18: Security community | D18: 2.32+ | E18: Large, Tcache, Fastbin | F18: Attack | G18: Still exploitable
A20: Dates before 2002 are approximate; glibc version numbers per glibc release notes. Status = Green fixed, Yellow partially fixed / bypassable, Red still exploitable. Verify against glibc malloc.c history before citing.
