Workbook

Sheet Overview
B1: Memory Allocators: Types, Comparison, Security and Attacks
B2: User-space heap allocators. Prepared 17 Oct 2026. Facts checked against the sources on the 'Sources' sheet.
B4: Key findings
B5: Most exposed by design | C5: dlmalloc-derived glibc malloc (ptmalloc2): inline metadata, no default randomization, quarantine or canaries. Largest public exploit literature (how2heap covers glibc 2.23-2.41).
B6: Strongest documented hardening | C6: hardened_malloc and OpenBSD malloc score highest on the matrix. Apple xzone malloc and PartitionAlloc add type isolation against UAF type confusion.
B7: glibc mitigation timeline | C7: tcache 2.26 (2017) -> key check + top-chunk check 2.29 (2019) -> safe-linking 2.32 (2020) -> hooks removed 2.34 (2021). Attackers adapted each time.
B8: MITRE mapping | C8: ATT&CK has no allocator-specific technique. Heap bugs map to CWE-122/416/415/787 and are used under T1203, T1068, T1190, T1210.
B9: Caveat | C9: 'Vulnerable' here means how easily heap bugs become exploits, not CVE count. The score is my rubric (see Security Matrix), not an industry standard.
B11: Sheets
B12: Types | C12: Allocator families: how they work, pros, cons
B13: Allocators | C13: Profile of 14 allocators: OS, author, first release, maintainer, status
B14: Design Comparison | C14: Core structure, thread model, optimisation target
B15: Security Matrix | C15: 10 hardening features per allocator with score and tier (formulas)
B16: Exposure | C16: Allocators ordered most to least exposed, with reasons
B17: Attacks & TTPs | C17: Heap attack techniques with CWE / CAPEC / ATT&CK IDs and mitigation versions
B18: MITRE Map | C18: CWE, CAPEC and ATT&CK reference IDs
B19: Cases | C19: Real-world cases and research
B20: History | C20: Timeline of releases and mitigations
B21: Sources | C21: S-numbered references used across sheets
B23: Colour legend
B24: Y (green) | C24: Default-on, confirmed in sources
B25: P (amber) | C25: Optional, debug-only, hardware-dependent or partial
B26: N (red) | C26: Absent by design
B27: ? (grey) | C27: Not confirmed in the sources used; scored 0 and excluded from confidence
B28: Group: General-purpose | C28: Blue tint on allocator name
B29: Group: Hardened / type-aware | C29: Green tint on allocator name
B30: Group: Windows | C30: Purple tint on allocator name
B32: Notes
B33: Where a cell comes from allocator design knowledge rather than a fetched document, the Security Matrix 'Basis' column says so.
B34: Project claims (for example hardened_malloc and musl mallocng) are reported as claims; no independent exploit testing was done here.
B35: Attack rows name techniques and mitigation versions only. No exploit steps or code are included.
B36: Dates without a day are year-level in the sources used. The 'jemalloc first release' year differs between sources.

Sheet Types
A1: Allocator types
A2: Families of user-space allocators, how they work and where security trade-offs sit
A4: Type | B4: How it works | C4: Strengths | D4: Weaknesses | E4: Security note | F4: Examples (this workbook)
A5: Boundary-tag / binned free list (sequential fit) | B5: Chunks carry size headers in place; freed chunks sit in bins and are coalesced with free neighbours. dlmalloc is described by its author as in most ways best-fit. | C5: General purpose; space-conserving and portable (author's description). | D5: Metadata sits next to user data; coalescing work; arenas needed for thread scaling. | E5: Classic target for metadata corruption. | F5: dlmalloc, glibc malloc
A6: Segregated size-class / slab | B6: Memory is split into slabs of equal-size slots tracked per size class (bitmap or free list). | C6: Predictable layout; low external fragmentation; allows out-of-line metadata and per-slab guard pages. | D6: Internal fragmentation from rounding up to size classes. | E6: Foundation for hardened designs. | F6: jemalloc, hardened_malloc, Scudo Primary, PartitionAlloc, xzone malloc
A7: Thread caching | B7: Per-thread caches serve most requests without locks and refill from shared structures. | C7: Fast path without contention. | D7: Cached memory is held back; hardened_malloc's README argues caches bypass quarantine and weaken protection. | E7: Caches can bypass security checks. | F7: TCMalloc, jemalloc, glibc tcache, PartitionAlloc thread cache
A8: Per-CPU caching | B8: Caches are per logical CPU, using restartable sequences (rseq) on Linux so no locks or atomics are needed. | C8: Avoids many tiny caches when thread counts are high. | D8: Linux rseq dependency; falls back to per-thread mode. | E8: - | F8: TCMalloc
A9: Free-list sharding | B9: Free lists are split per page; local frees need no synchronization, remote frees go to a separate list. | C9: Speed and locality. | D9: Fragmentation can be higher than centralized designs (Apple's xzone notes). | E9: Secure build adds guard pages, randomization, encrypted free lists. | F9: mimalloc
A10: Message-passing | B10: Remotely freed objects are returned to the owning allocator in batches via lock-free queues. | C10: Strong for producer/consumer workloads. | D10: Specialized for cross-thread free patterns. | E10: Hardened build exists (not reviewed here). | F10: snmalloc
A11: Partition / type-aware isolation | B11: Allocations are separated by partition or type bucket into different address regions that are not reused across buckets. | C11: Disrupts use-after-free type confusion; metadata kept apart. | D11: Uses large amounts of virtual address space (PartitionAlloc) and raises fragmentation (xzone). | E11: Strong against UAF reuse; pairs with MTE. | F11: PartitionAlloc, xzone malloc
A12: Page / mmap-based out-of-band | B12: Every region comes from the kernel with metadata held in separate structures and unmapped gaps between regions. | C12: Strong isolation of metadata and layout. | D12: System-call and address-space overhead. | E12: Randomization and guard pages are natural fits. | F12: OpenBSD malloc
A13: Bump / arena (region) | B13: Allocate by advancing a pointer; free everything at once. Lea cites 'always return the next sequential address; free is a no-op' as the fastest possible extreme. | C13: Extremely fast; no per-object metadata. | D13: No individual free; memory grows until the region is released. | E13: Not covered in the matrix (not a general malloc). | F13: General technique; not one of the allocators compared here

Sheet Allocators
A1: Allocator profiles
A2: Author, first release, platform, maintainer and status as noted in the sources (S-codes on the Sources sheet)
A4: Group | B4: Allocator | C4: Design family | D4: Default / main OS and platform | E4: Created by | F4: First release / origin | G4: Maintained by | H4: Version / status noted | I4: Used by (examples) | J4: Key traits | K4: Evidence
A5: General-purpose | B5: dlmalloc (Doug Lea's malloc) | C5: Boundary-tag, binned best-fit free-list | D5: Cross-platform reference code. Default malloc in some Linux versions (historic); common in embedded systems and PC environments. | E5: Doug Lea | F5: 1987 (first version; public domain) | G5: Doug Lea, with volunteer contributors | H5: 2.8.x line (2.8.4 seen in source headers); no 'current' release checked | I5: Embedded firmware (dlmalloc copies appear in U-Boot trees); ancestor of ptmalloc2/glibc malloc | J5: Described by its author as in most ways a best-fit allocator. Thread-safe only if USE_LOCKS is defined. Build-time security options ('static-safe; optionally more or less'). | K5: S1, S2
A6: General-purpose | B6: glibc malloc (ptmalloc2) | C6: dlmalloc derivative: arenas + bins + per-thread tcache | D6: Linux (glibc-based distros such as Debian, Ubuntu, Fedora, RHEL families) | E6: Wolfram Gloger (multi-thread/arena adaptation of Doug Lea's dlmalloc) | F6: ptmalloc2 circa 2001 (ptmalloc2-20011215, based on dlmalloc 2.7.0) | G6: GNU C Library (glibc) project | H6: tcache 2.26 (2017); tcache key check + top-chunk check 2.29 (2019); safe-linking 2.32 (2020); malloc hooks removed 2.34 (2021) | I6: Default allocator of mainstream glibc-based Linux distros | J6: Inline chunk metadata; multiple arenas for threads; bins (tcache, fast, small, large, unsorted). | K6: S2, S3, S6, S8
A7: General-purpose | B7: jemalloc | C7: Size-class slab allocator with arenas + thread caches | D7: FreeBSD (default since 7.0); also used on Linux and other platforms | E7: Jason Evans | F7: 2005-2006 (sources differ); FreeBSD 7.0 default | G7: Meta (original repo archived 2 Jun 2025, unarchived Mar 2026); Jason Evans stepped away | H7: 5.3.1 (13 Apr 2026); previous 5.3.0 (6 May 2022) | I7: Firefox, Rust compiler, ClickHouse, TiKV (Apr 2026 survey); Android 'Svelte' configs (LLVM docs) | J7: Thread caches implemented as arrays; hugepage allocator (HPA) work; debug-build double-free detection added in 5.3.1. | K7: S9, S10, S11, S12, S13
A8: General-purpose | B8: TCMalloc | C8: Front-end per-CPU/per-thread caches + central free lists + page heap | D8: Linux (per-CPU mode needs restartable sequences / rseq); built with Bazel | E8: Sanjay Ghemawat, Paul Menage (Google) | F8: 2005 (Google Performance Tools); Google's current implementation open-sourced 2020 | G8: Google (github.com/google/tcmalloc). gperftools is a separate project | H8: Rolling repository; no release pinned | I8: Used by nearly all of Google's production C++ programs (repo statement) | J8: Per-CPU caches via rseq; hugepage-aware back end; singly-linked free lists of objects per size class. | K8: S14, S15, S16
A9: General-purpose | B9: mimalloc | C9: Free-list sharding; segment/page based | D9: Windows, macOS, Linux and other systems (widely ported) | E9: Daan Leijen, Ben Zorn, Leonardo de Moura (Microsoft Research) | F9: Initial release July 2019 (tech report June 2019) | G9: Microsoft | H9: v3.5.2 (12 Sep 2026) recommended; v2.5.2 stable/legacy; v1.15.2 legacy | I9: Koka and Lean runtimes (original target); no-GIL Python fork; design ancestor of Apple's xzone malloc | J9: Local + remote free lists per page; optional secure mode (guard pages, randomized allocation, encrypted free lists); v3 keeps page metadata separate from objects by default (from v3.3.1). | K9: S17, S18, S19, S28
A10: General-purpose | B10: snmalloc | C10: Message-passing allocator (lock-free remote frees) | D10: Cross-platform: header-only C++, LD_PRELOAD on ELF platforms (Linux/BSD), Rust crate | E10: Microsoft Research team: Paul Lietar, Theodore Butler, Sylvan Clebsch, Sophia Drossopoulou, Juliana Franco, Matthew Parkinson, Alex Shamis, Christoph Wintersteiger, David Chisnall | F10: ISMM 2019 paper (23 Jun 2019) | G10: Microsoft (github.com/microsoft/snmalloc) | H10: Not checked | I10: Not verified | J10: Returns remotely freed objects to the originating allocator in batches without locks; 64 bits of metadata per 64 KiB slab (paper); a hardened build exists (details not reviewed). | K10: S35, S36
A11: Hardened / type-aware | B11: Scudo | C11: Size-class primary + mmap secondary; checksummed headers | D11: Android (default since Android 11), Fuchsia | E11: LLVM project (derived from LLVM Sanitizers' CombinedAllocator) | F11: Default in Android 11 (2020) | G11: LLVM project; Android engineers present ongoing work (LLVM DevMtg 2024) | H11: Ships in LLVM compiler-rt (scudo_standalone); docs updated 16 Oct 2026 | I11: Android 11+, Fuchsia. Android 'Svelte' configs still use jemalloc | J11: 8-byte CRC-checksummed chunk header; optional quarantine (off by default); randomized Primary; guard pages around Secondary allocations; MTE tuning API. | K11: S20, S21
A12: Hardened / type-aware | B12: hardened_malloc | C12: Security-first slab allocator (OpenBSD-malloc lineage) | D12: GrapheneOS / Android (Bionic); Linux via glibc or musl; 64-bit only | E12: Daniel Micay (GrapheneOS) | F12: 2018 (copyright 2018 onward) | G12: GrapheneOS | H12: MIT licence; mirror synced to upstream 'version 16-2026040800' (Apr 2026) | I12: GrapheneOS; GrapheneOS says other security-focused OSes such as Whonix are adopting it | J12: Fully out-of-line metadata; guard slabs; canaries; zero-on-free; write-after-free check; random + FIFO quarantines; MTE on ARMv8.5+; no thread caches by design. | K12: S22, S48
A13: Hardened / type-aware | B13: OpenBSD malloc (otto-malloc) | C13: mmap-based page/chunk allocator, out-of-band metadata | D13: OpenBSD | E13: Otto Moerbeek (current design); earlier rewrite by Thierry Deval (OpenBSD 3.8) | F13: Rewrite written 28 Jul 2008; shipped in OpenBSD 4.4 (Nov 2008) | G13: OpenBSD project (Otto Moerbeek) | H13: Delayed free mandatory since Sep 2017; random canaries Oct 2020; write-after-free check of delayed-free list in 7.4 (2023) | I13: OpenBSD base system and ports | J13: Metadata out-of-band, no freelist or object headers; always mmap; randomization; junking; delayed free; options via malloc.conf (S = security set). | K13: S23, S24, S25, S46
A14: Hardened / type-aware | B14: musl mallocng | C14: Group/slot allocator with out-of-band group metadata | D14: Linux systems using musl libc (e.g. Alpine Linux) | E14: Rich Felker | F14: musl 1.2.1, 4 Aug 2020 (replaced musl's older dlmalloc-like allocator) | G14: musl libc project (Rich Felker) | H14: Release note claims: finer-grained return of memory, avoids catastrophic fragmentation, detects overflow/double-free/UAF | I14: musl-based systems | J14: Project claims callers' memory errors cannot corrupt allocator state (release announcement; independent review not done here). | K14: S26
A15: Hardened / type-aware | B15: PartitionAlloc | C15: Partitions, buckets, slot spans, thread cache | D15: Chromium / Chrome (Windows, Android and others); standalone builds exist | E15: Chromium / Blink team (Google) | F15: Originally Blink-only; PartitionAlloc-Everywhere launched in M89 (Windows 64-bit, Android) | G15: Chromium project (Google) | H15: Rolling (Chromium tree) | I15: Chrome and Chromium-based browsers | J15: Different partitions occupy different address regions; metadata out-of-line between guard pages; freelist pointers byte-reversed with a shadow copy; per-partition lock + thread cache. | K15: S27
... A18: Windows | B18: Windows Segment Heap | C18: Segment-based back end with VS and LFH front ends | D18: Windows 10 and later: Microsoft Edge, Windows apps, some system processes; opt-in for Win32 apps | E18: Microsoft (internals documented by Mark Yason, Black Hat USA 2016) | F18: Windows 10 (2015) | G18: Microsoft | H18: Opt-in for Win32 apps (application manifest / heap flags) | I18: Microsoft Edge (Chromium), Windows apps | J18: Variable-size (VS) block header encoding; enabled via flags such as HEAP_ENABLE_SEGMENT_HEAP. | K18: S30, S47

Sheet Design Comparison
A1: Design comparison
A2: Structure, concurrency approach and stated optimisation target (project statements, not benchmarks)
A4: Allocator | B4: Core structure | C4: Thread / concurrency approach | D4: Optimised for (per project) | E4: Configuration | F4: Evidence
A5: dlmalloc | B5: Boundary tags, size-sorted bins, best-fit | C5: Not thread-safe unless USE_LOCKS defined | D5: General purpose: fast, space-conserving, portable, tunable (author) | E5: Public domain; build-time options | F5: S1, S2
A6: glibc malloc (ptmalloc2) | B6: Arenas, bins (tcache, fast, small, large, unsorted) | C6: Multiple arenas; per-thread tcache since 2.26 | D6: Balanced general-purpose allocator | E6: Tunables; hooks removed in 2.34 | F6: S2, S6, S8
A7: jemalloc | B7: Arenas with size-class slabs | C7: Arenas + thread caches (array-based) | D7: Scalability and fragmentation control; hugepage allocator work | E7: mallctl interface; debug build checks | F7: S9, S10, S22
A8: TCMalloc | B8: Front end (per-CPU or per-thread) -> middle end (transfer cache, central free list) -> back end (page heap or hugepage-aware) | C8: Per-CPU caches via rseq; per-thread fallback | D8: Efficiency at scale and parallelism | E8: Bazel build; MallocExtension API | F8: S14, S15
A9: mimalloc | B9: Pages of one size class, multiple free lists per page | C9: Sharded heaps: local + remote free lists | D9: Performance and small footprint (project claims leading benchmarks) | E9: Secure build; v1/v2/v3 branches | F9: S17, S19
A10: snmalloc | B10: Slabs with 64-bit metadata per 64 KiB slab | C10: Lock-free message passing for remote frees | D10: Producer/consumer workloads | E10: Header-only C++; hardened build | F10: S35
A11: Scudo | B11: Primary (size-class regions), Secondary (mmap), quarantine | C11: Thread-specific data registry: exclusive (TLS) or shared pool | D11: Security/performance balance, highly tunable | E11: SCUDO_OPTIONS, mallopt, compile-time config | F11: S20
A12: hardened_malloc | B12: Slab regions per arena and size class; large allocations are mmaps tracked in a hash table | C12: Independent arenas (default 4), per-size-class locks, no thread caches | D12: Security and long-term memory use over micro-benchmarks | E12: default vs light config; many CONFIG_* options | F12: S22
A13: OpenBSD malloc | B13: mmap regions with out-of-band metadata | C13: Per-pool caches (default 64 pages) | D13: Security-relevant features | E13: /etc/malloc.conf, MALLOC_OPTIONS flags | F13: S23, S25
A14: musl mallocng | B14: Groups/slots with out-of-band group metadata | C14: Not reviewed | D14: Fine-grained return of memory, avoiding catastrophic fragmentation, hardening | E14: Not reviewed | F14: S26
A15: PartitionAlloc | B15: Partitions -> buckets -> slot spans in 2 MiB super pages | C15: Per-partition lock + thread cache | D15: Space efficiency, allocation latency, security | E15: Chromium build flags | F15: S27
... A18: Windows Segment Heap | B18: Back-end segments; VS subsegments; LFH | C18: Not reviewed | D18: Lower memory use (Edge) | E18: App manifest / HEAP_ENABLE_SEGMENT_HEAP | F18: S30, S47

Sheet Security Matrix
A1: Security matrix
A2: Y = default-on, P = optional/partial, N = absent, ? = not confirmed. Score: Y=2, P=1, N and ?=0 (max 20).
A3: Minimum confirmed cells to rate: | C3: 6 | D3: Medium from score: | F3: 8 | G3: High from score: | I3: 14 | J3: Thresholds are my own convention. Edit the blue cells to re-tier.
A5: Allocator | B5: Scope assessed | C5: Out-of-line metadata (free-list links excepted) | D5: Free-list pointer protection / no in-object free list | E5: Guard pages by default | F5: Randomized placement / reuse | G5: Delayed reuse / quarantine (default) | H5: Invalid / double-free detection | I5: Canaries / header checksum / integrity cookie | J5: Zero or junk fill | K5: MTE (hardware tagging) support | L5: Type / partition isolation | M5: Hardening score (0-20) | N5: Confirmed cells | O5: Hardening tier | P5: Basis (S-codes) and notes
A6: dlmalloc | B6: Reference code, default config | C6: N | D6: N | E6: N | F6: N | G6: N | H6: P | I6: N | J6: N | K6: N | L6: N | M6: =COUNTIF(C6:L6,"Y")*2+COUNTIF(C6:L6,"P") -> 1 | N6: =COUNTA(C6:L6)-SUMPRODUCT(--(C6:L6="?")) -> 10 | O6: =IF(N6<$C$3,"Not rated",IF(M6>=$I$3,"High",IF(M6>=$F$3,"Medium","Low"))) -> Low | P6: Inline boundary tags. Header says security is 'static-safe; optionally more or less' (build-time options) so detection = P. S1, S2
A7: glibc malloc (ptmalloc2) | B7: glibc 2.32+ defaults | C7: N | D7: Y | E7: N | F7: N | G7: N | H7: P | I7: N | J7: N | K7: ? | L7: N | M7: =COUNTIF(C7:L7,"Y")*2+COUNTIF(C7:L7,"P") -> 3 | N7: =COUNTA(C7:L7)-SUMPRODUCT(--(C7:L7="?")) -> 9 | O7: =IF(N7<$C$3,"Not rated",IF(M7>=$I$3,"High",IF(M7>=$F$3,"Medium","Low"))) -> Low | P7: Safe-linking on tcache/fastbins since 2.32 (needs heap leak to bypass); tcache double-free key since 2.29; relies on ASLR only. MTE not confirmed. S4, S5, S6
A8: jemalloc | B8: 5.3.1 default build | C8: Y | D8: Y | E8: N | F8: N | G8: N | H8: P | I8: N | J8: ? | K8: ? | L8: N | M8: =COUNTIF(C8:L8,"Y")*2+COUNTIF(C8:L8,"P") -> 5 | N8: =COUNTA(C8:L8)-SUMPRODUCT(--(C8:L8="?")) -> 8 | O8: =IF(N8<$C$3,"Not rated",IF(M8>=$I$3,"High",IF(M8>=$F$3,"Medium","Low"))) -> Low | P8: Slab/extent metadata kept apart and thread caches are arrays (design knowledge + hardened_malloc README); double-free detection only in debug build (5.3.1 ChangeLog). Y cells for metadata/free-list are from design knowledge, not a fetched doc. S10, S22
A9: TCMalloc | B9: google/tcmalloc | C9: Y | D9: N | E9: ? | F9: ? | G9: N | H9: ? | I9: ? | J9: ? | K9: ? | L9: N | M9: =COUNTIF(C9:L9,"Y")*2+COUNTIF(C9:L9,"P") -> 2 | N9: =COUNTA(C9:L9)-SUMPRODUCT(--(C9:L9="?")) -> 4 | O9: =IF(N9<$C$3,"Not rated",IF(M9>=$I$3,"High",IF(M9>=$F$3,"Medium","Low"))) -> Not rated | P9: Docs describe performance design; free lists are singly linked inside freed objects. Too few security cells confirmed to rate. S15, S16
A10: mimalloc | B10: v3 default; secure features need secure build | C10: Y | D10: P | E10: P | F10: P | G10: N | H10: P | I10: N | J10: ? | K10: ? | L10: N | M10: =COUNTIF(C10:L10,"Y")*2+COUNTIF(C10:L10,"P") -> 6 | N10: =COUNTA(C10:L10)-SUMPRODUCT(--(C10:L10="?")) -> 8 | O10: =IF(N10<$C$3,"Not rated",IF(M10>=$I$3,"High",IF(M10>=$F$3,"Medium","Low"))) -> Low | P10: Secure build adds guard pages, randomized allocation, encrypted free lists; double-free mitigation in secure mode (release notes); v3 separates page metadata by default. S17
A11: Scudo | B11: LLVM docs, default options | C11: N | D11: ? | E11: P | F11: Y | G11: P | H11: Y | I11: Y | J11: P | K11: Y | L11: N | M11: =COUNTIF(C11:L11,"Y")*2+COUNTIF(C11:L11,"P") -> 11 | N11: =COUNTA(C11:L11)-SUMPRODUCT(--(C11:L11="?")) -> 9 | O11: =IF(N11<$C$3,"Not rated",IF(M11>=$I$3,"High",IF(M11>=$F$3,"Medium","Low"))) -> Medium | P11: Inline 8-byte checksummed header; quarantine disabled by default; Secondary allocations have guard pages; zero/pattern fill options default off; MTE tuning API. S20
A12: hardened_malloc | B12: Default config (not 'light') | C12: Y | D12: Y | E12: Y | F12: Y | G12: Y | H12: Y | I12: Y | J12: Y | K12: Y | L12: P | M12: =COUNTIF(C12:L12,"Y")*2+COUNTIF(C12:L12,"P") -> 19 | N12: =COUNTA(C12:L12)-SUMPRODUCT(--(C12:L12="?")) -> 10 | O12: =IF(N12<$C$3,"Not rated",IF(M12>=$I$3,"High",IF(M12>=$F$3,"Medium","Low"))) -> High | P12: README: fully out-of-line state, guard slabs, canaries, zero-on-free, random + FIFO quarantine, MTE on ARMv8.5+; size classes isolated in separate regions (not type-aware). 'Light' config disables quarantines and some checks. S22
A13: OpenBSD malloc | B13: Current OpenBSD defaults | C13: Y | D13: Y | E13: P | F13: Y | G13: Y | H13: Y | I13: P | J13: Y | K13: ? | L13: N | M13: =COUNTIF(C13:L13,"Y")*2+COUNTIF(C13:L13,"P") -> 14 | N13: =COUNTA(C13:L13)-SUMPRODUCT(--(C13:L13="?")) -> 9 | O13: =IF(N13<$C$3,"Not rated",IF(M13>=$I$3,"High",IF(M13>=$F$3,"Medium","Low"))) -> High | P13: Out-of-band metadata, no freelist/headers, randomization, delayed free (mandatory since 2017), invalid-free detection, junk level 1 by default; guard pages (G) and canaries (C/S) are options. S23, S24, S25, S46
A14: musl mallocng | B14: musl 1.2.1+ | C14: P | D14: Y | E14: ? | F14: ? | G14: ? | H14: Y | I14: P | J14: ? | K14: ? | L14: N | M14: =COUNTIF(C14:L14,"Y")*2+COUNTIF(C14:L14,"P") -> 6 | N14: =COUNTA(C14:L14)-SUMPRODUCT(--(C14:L14="?")) -> 5 | O14: =IF(N14<$C$3,"Not rated",IF(M14>=$I$3,"High",IF(M14>=$F$3,"Medium","Low"))) -> Not rated | P14: Release note claims detection of overflow, double-free and UAF without allocator-state corruption. Metadata/free-list cells are from design knowledge. Too few cells confirmed to rate. S26
A15: PartitionAlloc | B15: Chromium design doc | C15: Y | D15: Y | E15: Y | F15: ? | G15: ? | H15: ? | I15: P | J15: ? | K15: ? | L15: Y | M15: =COUNTIF(C15:L15,"Y")*2+COUNTIF(C15:L15,"P") -> 9 | N15: =COUNTA(C15:L15)-SUMPRODUCT(--(C15:L15="?")) -> 5 | O15: =IF(N15<$C$3,"Not rated",IF(M15>=$I$3,"High",IF(M15>=$F$3,"Medium","Low"))) -> Not rated | P15: Metadata out-of-line between guard pages (freelist pointers excepted); freelist pointers byte-reversed + shadow copy; separate partitions/buckets avoid type confusion; address space kept reserved. S27
A16: xzone malloc (Apple) | B16: Apple OS platform defaults | C16: Y | D16: P | E16: P | F16: P | G16: ? | H16: ? | I16: ? | J16: Y | K16: P | L16: Y | M16: =COUNTIF(C16:L16,"Y")*2+COUNTIF(C16:L16,"P") -> 10 | N16: =COUNTA(C16:L16)-SUMPRODUCT(--(C16:L16="?")) -> 7 | O16: =IF(N16<$C$3,"Not rated",IF(M16>=$I$3,"High",IF(M16>=$F$3,"Medium","Low"))) -> Medium | P16: Type isolation, externalized metadata, zero-on-free below 1 KB. PAC-signed free-list links only where PAC exists; guard pages probabilistic (hardened heap enables on all platforms); MTE via entitlement. S28
A17: Windows NT Heap + LFH | B17: Windows 8+ behaviour | C17: N | D17: P | E17: ? | F17: Y | G17: ? | H17: ? | I17: Y | J17: ? | K17: ? | L17: N | M17: =COUNTIF(C17:L17,"Y")*2+COUNTIF(C17:L17,"P") -> 5 | N17: =COUNTA(C17:L17)-SUMPRODUCT(--(C17:L17="?")) -> 5 | O17: =IF(N17<$C$3,"Not rated",IF(M17>=$I$3,"High",IF(M17>=$F$3,"Medium","Low"))) -> Not rated | P17: XP SP2: safe unlinking + header cookie; Vista: LFH replaces lookaside lists and hardens against known metadata-corruption techniques; Windows 8: LFH allocation randomization. S31, S32, S34
A18: Windows Segment Heap | B18: Windows 10+ | C18: ? | D18: ? | E18: ? | F18: ? | G18: ? | H18: ? | I18: Y | J18: ? | K18: ? | L18: ? | M18: =COUNTIF(C18:L18,"Y")*2+COUNTIF(C18:L18,"P") -> 2 | N18: =COUNTA(C18:L18)-SUMPRODUCT(--(C18:L18="?")) -> 1 | O18: =IF(N18<$C$3,"Not rated",IF(M18>=$I$3,"High",IF(M18>=$F$3,"Medium","Low"))) -> Not rated | P18: VS block header encoding documented (Yason). Little else confirmed in sources used. S30
A20: Reading the score: it counts only features listed in the ten columns. Type isolation and MTE each count as one feature, so type-aware allocators are likely under-scored. Snmalloc is not scored (no confirmed cells).

Sheet Exposure
A1: Exposure ranking
A2: Order = my ordering, most to least exposed by documented defaults. Score and tier are pulled from the Security Matrix.
A4: Order | B4: Allocator | C4: Hardening score | D4: Confirmed cells | E4: Hardening tier | F4: Why | G4: Exploit literature / context | H4: Main OS
A5: 1 | B5: dlmalloc | C5: =INDEX('Security Matrix'!$M$6:$M$18,MATCH(B5,'Security Matrix'!$A$6:$A$18,0)) -> 1 | D5: =INDEX('Security Matrix'!$N$6:$N$18,MATCH(B5,'Security Matrix'!$A$6:$A$18,0)) -> 10 | E5: =INDEX('Security Matrix'!$O$6:$O$18,MATCH(B5,'Security Matrix'!$A$6:$A$18,0)) -> Low | F5: Inline tags next to user data; no randomization, quarantine or canaries by default. Mostly reference/embedded code today. | G5: Classic unlink and top-chunk techniques were written against dlmalloc-style heaps (e.g. 'Vudo malloc tricks', Malloc Maleficarum, per BH2007 slides). | H5: Embedded systems, older Linux libc
A6: 2 | B6: glibc malloc (ptmalloc2) | C6: =INDEX('Security Matrix'!$M$6:$M$18,MATCH(B6,'Security Matrix'!$A$6:$A$18,0)) -> 3 | D6: =INDEX('Security Matrix'!$N$6:$N$18,MATCH(B6,'Security Matrix'!$A$6:$A$18,0)) -> 9 | E6: =INDEX('Security Matrix'!$O$6:$O$18,MATCH(B6,'Security Matrix'!$A$6:$A$18,0)) -> Low | F6: Inline metadata; protections are consistency checks + safe-linking, no randomization/quarantine/canaries. | G6: Largest public literature: how2heap covers glibc 2.23-2.41. Each release removed techniques (2.26, 2.29, 2.32, 2.34) and attackers moved to FILE-structure and exit-handler targets. | H6: Linux (Debian/Ubuntu/Fedora/RHEL families)
A7: 3 | B7: jemalloc | C7: =INDEX('Security Matrix'!$M$6:$M$18,MATCH(B7,'Security Matrix'!$A$6:$A$18,0)) -> 5 | D7: =INDEX('Security Matrix'!$N$6:$N$18,MATCH(B7,'Security Matrix'!$A$6:$A$18,0)) -> 8 | E7: =INDEX('Security Matrix'!$O$6:$O$18,MATCH(B7,'Security Matrix'!$A$6:$A$18,0)) -> Low | F7: Out-of-line slab metadata is good, but no guard pages, randomization or quarantine by default; double-free check is debug-only. | G7: Far less public heap-exploitation literature than glibc in sources reviewed; deployed mainly in servers/browsers. | H7: FreeBSD, Firefox, server software
A8: 4 | B8: mimalloc | C8: =INDEX('Security Matrix'!$M$6:$M$18,MATCH(B8,'Security Matrix'!$A$6:$A$18,0)) -> 6 | D8: =INDEX('Security Matrix'!$N$6:$N$18,MATCH(B8,'Security Matrix'!$A$6:$A$18,0)) -> 8 | E8: =INDEX('Security Matrix'!$O$6:$O$18,MATCH(B8,'Security Matrix'!$A$6:$A$18,0)) -> Low | F8: Performance-first default build; hardening is a separate secure build. | G8: Secure mode options exist (guard pages, randomized allocation, encrypted free lists). | H8: Windows, Linux, macOS
A9: 5 | B9: PartitionAlloc | C9: =INDEX('Security Matrix'!$M$6:$M$18,MATCH(B9,'Security Matrix'!$A$6:$A$18,0)) -> 9 | D9: =INDEX('Security Matrix'!$N$6:$N$18,MATCH(B9,'Security Matrix'!$A$6:$A$18,0)) -> 5 | E9: =INDEX('Security Matrix'!$O$6:$O$18,MATCH(B9,'Security Matrix'!$A$6:$A$18,0)) -> Not rated | F9: Out-of-line metadata between guard pages, partition isolation, encoded free-list pointers. | G9: Type-confusion defence by design; freelist pointers are the stated inline exception. | H9: Chrome / Chromium
A10: 6 | B10: xzone malloc (Apple) | C10: =INDEX('Security Matrix'!$M$6:$M$18,MATCH(B10,'Security Matrix'!$A$6:$A$18,0)) -> 10 | D10: =INDEX('Security Matrix'!$N$6:$N$18,MATCH(B10,'Security Matrix'!$A$6:$A$18,0)) -> 7 | E10: =INDEX('Security Matrix'!$O$6:$O$18,MATCH(B10,'Security Matrix'!$A$6:$A$18,0)) -> Medium | F10: Type isolation + externalized metadata + zero-on-free + MTE support. | G10: Apple frames it as part of Memory Integrity Enforcement; PAC protects free-list links where available. | H10: macOS, iOS
A11: 7 | B11: Scudo | C11: =INDEX('Security Matrix'!$M$6:$M$18,MATCH(B11,'Security Matrix'!$A$6:$A$18,0)) -> 11 | D11: =INDEX('Security Matrix'!$N$6:$N$18,MATCH(B11,'Security Matrix'!$A$6:$A$18,0)) -> 9 | E11: =INDEX('Security Matrix'!$O$6:$O$18,MATCH(B11,'Security Matrix'!$A$6:$A$18,0)) -> Medium | F11: Checksummed headers, randomization, MTE support; but headers are inline and quarantine is off by default. | G11: Mitigation-oriented; LLVM docs say it is not a root-cause tool (use ASan). | H11: Android 11+, Fuchsia
A12: 8 | B12: OpenBSD malloc | C12: =INDEX('Security Matrix'!$M$6:$M$18,MATCH(B12,'Security Matrix'!$A$6:$A$18,0)) -> 14 | D12: =INDEX('Security Matrix'!$N$6:$N$18,MATCH(B12,'Security Matrix'!$A$6:$A$18,0)) -> 9 | E12: =INDEX('Security Matrix'!$O$6:$O$18,MATCH(B12,'Security Matrix'!$A$6:$A$18,0)) -> High | F12: Out-of-band metadata, randomization, delayed free, invalid-free detection. | G12: Qualys researched OpenSSH CVE-2023-25136 on OpenBSD 7.2: hardening raises cost, it does not remove logic bugs. | H12: OpenBSD
A13: 9 | B13: hardened_malloc | C13: =INDEX('Security Matrix'!$M$6:$M$18,MATCH(B13,'Security Matrix'!$A$6:$A$18,0)) -> 19 | D13: =INDEX('Security Matrix'!$N$6:$N$18,MATCH(B13,'Security Matrix'!$A$6:$A$18,0)) -> 10 | E13: =INDEX('Security Matrix'!$O$6:$O$18,MATCH(B13,'Security Matrix'!$A$6:$A$18,0)) -> High | F13: Most default-on protections in this workbook (project claims traditional allocator exploitation does not work). | G13: Claim is from the project README; no independent review included here. | H13: GrapheneOS, Linux (preload)
A14: n/r | B14: TCMalloc | C14: =INDEX('Security Matrix'!$M$6:$M$18,MATCH(B14,'Security Matrix'!$A$6:$A$18,0)) -> 2 | D14: =INDEX('Security Matrix'!$N$6:$N$18,MATCH(B14,'Security Matrix'!$A$6:$A$18,0)) -> 4 | E14: =INDEX('Security Matrix'!$O$6:$O$18,MATCH(B14,'Security Matrix'!$A$6:$A$18,0)) -> Not rated | F14: Not rated: security-feature cells mostly unconfirmed. | G14: Design docs emphasise performance and scale. | H14: Google production, Linux
A15: n/r | B15: musl mallocng | C15: =INDEX('Security Matrix'!$M$6:$M$18,MATCH(B15,'Security Matrix'!$A$6:$A$18,0)) -> 6 | D15: =INDEX('Security Matrix'!$N$6:$N$18,MATCH(B15,'Security Matrix'!$A$6:$A$18,0)) -> 5 | E15: =INDEX('Security Matrix'!$O$6:$O$18,MATCH(B15,'Security Matrix'!$A$6:$A$18,0)) -> Not rated | F15: Not rated: project claims strong hardening; few cells confirmed. | G15: Release announcement claims allocator state is not corruptible via caller errors. | H15: musl-based Linux
A16: n/r | B16: Windows NT Heap + LFH | C16: =INDEX('Security Matrix'!$M$6:$M$18,MATCH(B16,'Security Matrix'!$A$6:$A$18,0)) -> 5 | D16: =INDEX('Security Matrix'!$N$6:$N$18,MATCH(B16,'Security Matrix'!$A$6:$A$18,0)) -> 5 | E16: =INDEX('Security Matrix'!$O$6:$O$18,MATCH(B16,'Security Matrix'!$A$6:$A$18,0)) -> Not rated | F16: Not rated: hardened over XP SP2 / Vista / Windows 8; attackers shifted to application data. | G16: MSRC: after Vista, most known metadata-corruption techniques stopped working; LFH determinism research (Valasek, BH 2010). | H16: Windows
A17: n/r | B17: Windows Segment Heap | C17: =INDEX('Security Matrix'!$M$6:$M$18,MATCH(B17,'Security Matrix'!$A$6:$A$18,0)) -> 2 | D17: =INDEX('Security Matrix'!$N$6:$N$18,MATCH(B17,'Security Matrix'!$A$6:$A$18,0)) -> 1 | E17: =INDEX('Security Matrix'!$O$6:$O$18,MATCH(B17,'Security Matrix'!$A$6:$A$18,0)) -> Not rated | F17: Not rated: only header encoding confirmed. | G17: Internals documented by Yason (Black Hat USA 2016). | H17: Windows 10+, Edge
A19: Answer: by documented defaults, glibc malloc / dlmalloc-style heaps are the most exposed; hardened_malloc and OpenBSD malloc the least. Hardened allocators raise exploitation cost but do not remove the underlying bug.

Sheet Attacks & TTPs
A1: Heap attack techniques and TTP mapping
A2: Technique names, affected versions and mitigations only. ATT&CK IDs map the exploitation outcome, since ATT&CK has no allocator-specific technique.
A4: Technique | B4: Class | C4: Affects | D4: Needs (bug primitive) | E4: Status / mitigation | F4: CWE | G4: CAPEC | H4: ATT&CK | I4: Evidence
A5: Unlink-style corruption of doubly-linked lists | B5: Metadata corruption | C5: glibc small/large bins; dlmalloc-style heaps | D5: Heap overflow or use-after-free reaching free-chunk fd/bk | E5: Safe-unlinking (check p->fd->bk == p) protects doubly-linked lists such as small bins. | F5: CWE-122, CWE-787 | G5: CAPEC-100 | H5: T1068, T1203 | I5: S4, S5
A6: Fastbin dup / fastbin attack | B6: Free-list poisoning | C6: glibc (pre-tcache and fastbin paths) | D6: Double free or overflow into a single-linked free-list pointer | E6: Safe-linking added to fastbins and tcache in glibc 2.32. CVE-2020-6007 (smart-lightbulb research) was Check Point's fastbin test case. | F6: CWE-415, CWE-122 | G6: CAPEC-100 | H6: T1203, T1190 | I6: S4, S5
A7: tcache dup (double free) | B7: Free-list poisoning | C7: glibc 2.26 onward | D7: Double free | E7: No detection in 2.26-2.28; tcache key check added in 2.29; House of Botcake is a bypass listed for 2.29-2.31. | F7: CWE-415 | G7: - | H7: T1068, T1203 | I7: S6, S7
A8: tcache poisoning | B8: Free-list poisoning | C8: glibc 2.26 onward | D8: Overflow or use-after-free over a tcache next pointer | E8: Safe-linking (2.32) obfuscates pointers; exploitation then needs a heap address leak. | F8: CWE-416, CWE-122 | G8: CAPEC-100 | H8: T1068, T1203 | I8: S4, S6
A9: House of Force | B9: Top-chunk corruption | C9: glibc before 2.29 | D9: Overflow over the top chunk size field | E9: Patched by top-chunk size validation in 2.29. how2heap lists House of Tangerine as a modern top-chunk technique. | F9: CWE-122, CWE-190 | G9: CAPEC-92 | H9: T1068, T1203 | I9: S6, S7
A10: House of Spirit | B10: Forged-chunk free | C10: glibc (classic and tcache variants) | D10: Ability to free a controlled fake chunk | E10: how2heap and academic thesis list classic and tcache variants; allocator checks vary by version. | F10: CWE-590, CWE-122 | G10: - | H10: T1203 | I10: S6
A11: House of Lore | B11: Small-bin corruption | C11: glibc small bins | D11: Control of a freed small-bin chunk's links | E11: Safe-unlinking mitigates doubly-linked list attacks (S5). | F11: CWE-416, CWE-122 | G11: CAPEC-100 | H11: T1203 | I11: S5, S6
A12: House of Orange / FILE-structure abuse | B12: Indirect control-flow hijack | C12: glibc | D12: Heap corruption reaching FILE structures | E12: After malloc hooks were removed in 2.34, public write-ups point to _IO_FILE, exit_funcs and TLS_dtor_list as targets. | F12: CWE-122 | G12: - | H12: T1068, T1203 | I12: S6, S7
A13: Unsorted-bin / large-bin attacks | B13: Bin corruption | C13: glibc (unsorted-bin attacks pre-2.26; large-bin attack in newer versions) | D13: Corruption of bin pointers | E13: how2heap notes unsorted-bin attacks are replaced by tcache or large_bin_attack techniques on newer glibc. | F13: CWE-122, CWE-416 | G13: - | H13: T1203 | I13: S6, S7
A14: malloc/free hook overwrite | B14: Control-flow hijack primitive | C14: glibc before 2.34 | D14: Arbitrary write | E14: All hook variables removed from the API in glibc 2.34. | F14: CWE-787 | G14: - | H14: T1068, T1203 | I14: S6, S8
A15: Safe-linking bypass / leakless tcache | B15: Mitigation bypass | C15: glibc 2.32 onward | D15: Heap address leak, or leakless techniques | E15: how2heap lists house_of_water and safe_link_double_protect (2.36+), house_of_tangerine (2.39+), tcache_relative_write (2.41). | F15: CWE-416, CWE-122 | G15: - | H15: T1068, T1203 | I15: S4, S6
... A20: Integer overflow -> undersized allocation -> heap overflow | B20: Size miscalculation | C20: Allocator-agnostic | D20: Attacker-influenced size arithmetic | E20: CAPEC-92 notes integer is often used as an allocation size. CWE-680 describes the chain. | F20: CWE-190, CWE-680, CWE-122 | G20: CAPEC-92, CAPEC-100 | H20: T1203, T1190 | I20: S40, S41, S45

Sheet MITRE Map
A1: MITRE reference IDs
A2: CWE weaknesses, CAPEC attack patterns and ATT&CK techniques relevant to heap exploitation
A4: Framework | B4: ID | C4: Name | D4: Relevance to allocators | E4: Evidence
A5: CWE | B5: CWE-122 | C5: Heap-based Buffer Overflow | D5: Buffer allocated with malloc() written past its end; can overwrite function pointers or allocator metadata. | E5: S40
A6: CWE | B6: CWE-787 | C6: Out-of-bounds Write | D6: Parent class for most heap write primitives. | E6: Standard CWE list
A7: CWE | B7: CWE-125 | C7: Out-of-bounds Read | D7: Heap information leaks (needed for safe-linking bypass and ASLR defeat). | E7: Standard CWE list
A8: CWE | B8: CWE-416 | C8: Use After Free | D8: Freed chunk or slot reused; basis of tcache poisoning and type confusion. | E8: Standard CWE list
A9: CWE | B9: CWE-415 | C9: Double Free | D9: Same chunk freed twice; tcache dup / fastbin dup. | E9: Standard CWE list
A10: CWE | B10: CWE-590 | C10: Free of Memory not on the Heap | D10: Freeing a forged or non-heap pointer (House of Spirit class). | E10: Standard CWE list
A11: CWE | B11: CWE-120 | C11: Buffer Copy without Checking Size of Input ('Classic Buffer Overflow') | D11: Generic overflow parent seen in CAPEC-100 relations. | E11: S44
A12: CWE | B12: CWE-190 | C12: Integer Overflow or Wraparound | D12: Size arithmetic that yields an undersized allocation. | E12: S45
A13: CWE | B13: CWE-680 | C13: Integer Overflow to Buffer Overflow | D13: Calculation of allocation size overflows, allocating less than expected. | E13: S45
A14: CAPEC | B14: CAPEC-100 | C14: Overflow Buffers | D14: Attack pattern: write past buffer bounds, crash or redirect execution. | E14: S44
A15: CAPEC | B15: CAPEC-92 | C15: Forced Integer Overflow | D15: Attack pattern: force an integer, often an allocation size, out of range. | E15: S41
... A20: ATT&CK | B20: T1212 | C20: Exploitation for Credential Access (Credential Access) | D20: Heap bugs used to obtain credentials from a service. | E20: S43
A22: CWE-787/125/416/415/590 are standard CWE IDs listed from general knowledge; ATT&CK names were cross-checked against secondary pages (S42, S43), not fetched from attack.mitre.org.

Sheet Cases
A1: Real-world cases and research
A2: Public disclosures; not exhaustive
A4: Case | B4: Target / OS / allocator context | C4: What happened | D4: Timeline / notes | E4: CWE | F4: ATT&CK | G4: Evidence
A5: CVE-2021-3156 'Baron Samedit' | B5: sudo (Linux/Unix); allocator context: glibc malloc | C5: Heap-based buffer overflow in sudo's argument handling (reachable via 'sudoedit -s' with an argument ending in a backslash). Qualys obtained root on Ubuntu 20.04 (sudo 1.8.31), Debian 10 (1.8.27) and Fedora 33 (1.9.2). | D5: Reported by Qualys on 26 Jan 2021; vulnerable code introduced July 2011; fixed in sudo 1.9.5p2; listed in CISA KEV (per GCVE record). | E5: CWE-122 | F5: T1068 | G5: S37, S38, S39
A6: CVE-2020-6007 | B6: Smart-lightbulb firmware (Check Point Research); glibc/uClibc-NG fastbin context | C6: Heap-based buffer overflow found during smart-lightbulb research; used as the worked fastbin-exploitation example that led to the Safe-Linking design. | D6: Safe-Linking published 21 May 2020 (Eyal Itkin, Check Point Research); merged for glibc 2.32. | E6: CWE-122 | F6: T1203 | G6: S4, S5
A7: CVE-2023-25136 | B7: OpenSSH; OpenBSD 7.2 vs Debian bookworm (glibc) | C7: Double-free in OpenSSH. Qualys started on glibc, then switched to OpenBSD 7.2 because two features of OpenBSD malloc made the bug especially interesting. | D7: Shows a hardened allocator changes the exploitation work, not the existence of the bug. Reported via a secondary source (isopenbsdsecu.re quoting Qualys). | E7: CWE-415 | F7: T1190 (if sshd exposed) | G7: S24
A8: Windows Low Fragmentation Heap research | B8: Windows | C8: Chris Valasek, 'Understanding the Low-Fragmentation Heap: From Allocation to Exploitation', Black Hat USA 2010: heap determinism and metadata corruption in the LFH, default since Vista. | D8: Research talk, not a CVE. | E8: CWE-122, CWE-416 | F8: T1203 | G8: S33

Sheet History
A1: Timeline
A2: Releases and mitigations in date order
A4: Date | B4: Allocator / OS | C4: Event | D4: Why it matters | E4: Evidence
A5: 1987 | B5: dlmalloc | C5: Doug Lea starts writing his allocator | D5: Ancestor of glibc malloc; released into the public domain | E5: S1
A6: 2001 | B6: glibc / ptmalloc2 | C6: ptmalloc2 (Wolfram Gloger) adapts dlmalloc 2.7.0 for threads and arenas | D6: Basis of glibc malloc | E6: S2, S3
A7: 1 Aug 2001 | B7: OpenBSD malloc | C7: mmap-based randomization added by Thierry Deval | D7: Early randomization in a libc allocator | E7: S24
A8: 2001 | B8: Windows XP | C8: Low Fragmentation Heap introduced | D8: Default front end since Vista | E8: S34
A9: Oct 2003 | B9: OpenBSD malloc | C9: Guard pages added (Ted Unangst) | D9: Guard-page idea based on Electric Fence | E9: S24
A10: 2004 | B10: Windows XP SP2 | C10: Heap hardening: safe unlinking, heap entry header cookie | D10: First wave of Windows heap hardening | E10: S31
A11: 2005 | B11: TCMalloc | C11: Released as part of Google Performance Tools | D11: Thread-caching malloc | E11: S14, S16
A12: 2005-2006 | B12: jemalloc | C12: Jason Evans writes first version for FreeBSD (sources differ on year) | D12: Became FreeBSD default in 7.0 | E12: S13
A13: 2006-2007 | B13: Windows Vista | C13: LFH becomes default front end; lookaside lists replaced; heavy hardening | D13: Most known metadata-corruption techniques stopped working | E13: S31, S34
A14: 2008 | B14: FreeBSD 7.0 | C14: jemalloc becomes default allocator | D14: Adoption milestone | E14: S13
A15: 28 Jul 2008 | B15: OpenBSD malloc | C15: Otto Moerbeek writes almost-complete rewrite ('otto-malloc') | D15: Shipped in OpenBSD 4.4, Nov 2008 | E15: S24
... A39: 12 Sep 2026 | B39: mimalloc | C39: v3.5.2 released (v3 recommended) | D39: Latest release noted | E39: S17

Sheet Sources
A1: Sources
A2: S-codes used in the Evidence columns. Sources marked mirror or secondary are not primary documents.
A4: Code | B4: Title | C4: URL
A5: S1 | B5: Doug Lea, 'A Memory Allocator' | C5: https://gee.cs.oswego.edu/dl/html/malloc.html
A6: S2 | B6: glibc malloc.c header (ptmalloc2 credits) | C6: https://gitverse.ru/githubmirror/glibc/tag/glibc-2.31/malloc/malloc.c
A7: S3 | B7: Black Hat USA 2007, J. Ferguson, 'Understanding the heap by breaking it' | C7: https://www.blackhat.com/presentations/bh-usa-07/Ferguson/Presentation/bh-usa-07-ferguson.pdf
A8: S4 | B8: Check Point Research, Safe-Linking (Eyal Itkin, 21 May 2020) | C8: https://research.checkpoint.com/2020/safe-linking-eliminating-a-20-year-old-malloc-exploit-primitive/
A9: S5 | B9: glibc patch 'Add Safe-Linking to fastbins and tcache' | C9: https://git.centos.org/rpms/glibc/blob/c8/f/SOURCES/glibc-rh1871383-1.patch
A10: S6 | B10: how2heap docs: glibc changelog (unofficial docs site) | C10: https://www.mintlify.com/shellphish/how2heap/glibc/changelog
A11: S7 | B11: how2heap docs: techniques by glibc version | C11: https://www.mintlify.com/shellphish/how2heap/reference/by-glibc-version
A12: S8 | B12: Linux man-pages: malloc_hook(3) | C12: https://man.archlinux.org/man/malloc_hook.3.en.raw
A13: S9 | B13: Meta Engineering: renewed commitment to jemalloc (2 Mar 2026) | C13: https://engineering.fb.com/2026/03/02/data-infrastructure/investing-in-infrastructure-metas-renewed-commitment-to-jemalloc/
A14: S10 | B14: jemalloc ChangeLog (5.3.1, 5.3.0) | C14: https://ftp.riken.jp/NetBSD/NetBSD-current/src/external/bsd/jemalloc/dist/ChangeLog
A15: S11 | B15: Phoronix: jemalloc 5.3.1 released | C15: https://www.phoronix.com/news/jemalloc-5.3.1
... A52: S48 | B52: GrapheneOS feature list copy (mentions Whonix adoption) | C52: https://hup.hu/node/174997
